Date,Draw,Numbers,Bonus
2025-07-25,1636,"3,29,35,39,42",5
2025-07-22,1635,"3,8,10,27,49",1
2025-07-18,1634,"10,15,26,31,41",5
2025-07-15,1633,"5,21,26,28,39",6
2025-07-11,1632,"1,7,8,15,20",15
2025-07-08,1631,"14,19,37,44,48",17
2025-07-04,1630,"15,16,22,30,32",7
2025-07-01,1629,"8,9,26,30,31",8
2025-06-27,1628,"11,23,32,41,47",17
2025-06-24,1627,"2,22,27,36,39",19
2025-06-20,1626,"22,23,25,29,42",8
2025-06-17,1625,"5,23,26,38,43",4
2025-06-13,1624,"1,21,34,46,47",12
2025-06-10,1623,"5,11,23,29,48",1
2025-06-06,1622,"9,24,34,41,44",2
2025-06-03,1621,"5,26,40,47,50",14
2025-05-30,1619,"10,13,34,43,46",1
2025-05-27,1618,"13,22,33,38,50",15
2025-05-23,1617,"1,17,18,27,49",15
2025-05-20,1616,"13,26,31,32,47",18
2025-05-16,1615,"9,16,20,28,39",19
2025-05-13,1614,"11,21,29,37,39",12
2025-05-09,1613,"5,6,14,38,50",10
2025-05-06,1612,"19,20,32,35,37",19
2025-05-02,1611,"2,6,17,37,47",9
2025-04-29,1610,"5,14,32,33,45",13
2025-04-25,1609,"5,9,13,46,47",11
2025-04-22,1608,"18,32,33,38,43",9
2025-04-18,1607,"15,17,22,33,45",12
2025-04-15,1606,"19,24,38,40,41",2
2025-04-11,1605,"5,12,14,22,48",18
2025-04-08,1604,"1,16,23,37,42",6
2025-04-04,1603,"8,20,35,36,38",2
2025-04-01,1602,"1,6,12,13,36",7
2025-03-28,1601,"1,6,13,14,35",3
2025-03-25,1600,"22,32,38,39,40",10
2025-03-21,1599,"9,16,24,32,50",19
2025-03-18,1598,"15,22,29,35,43",10
2025-03-14,1597,"7,32,38,45,46",2
2025-03-11,1596,"8,28,30,44,48",2
2025-03-07,1595,"12,13,16,28,46",3
2025-03-04,1594,"20,23,35,43,50",15
2025-02-28,1593,"11,19,20,21,44",6
2025-02-25,1592,"18,23,27,34,44",18
2025-02-21,1591,"2,3,15,17,42",5
2025-02-18,1590,"16,19,34,36,43",16
2025-02-14,1589,"2,8,25,37,44",18
2025-02-11,1588,"7,15,21,23,33",13
2025-02-07,1587,"7,30,34,42,49",1
2025-02-04,1586,"19,23,27,41,49",8
2025-01-31,1585,"3,27,36,40,47",15
2025-01-28,1584,"17,21,26,42,43",14
2025-01-24,1583,"12,15,24,43,49",18
2025-01-21,1582,"1,2,15,23,37",4
2025-01-17,1581,"4,11,27,39,40",8
2025-01-14,1580,"20,23,30,34,44",7
2025-01-10,1579,"10,14,33,44,47",2
2025-01-07,1578,"9,12,27,39,42",18
2025-01-03,1577,"6,9,10,25,47",1
2024-12-31,1576,"1,26,31,32,47",2
2024-12-27,1575,"6,10,23,30,47",18
2024-12-24,1574,"5,7,8,12,18",9
2024-12-20,1573,"1,16,20,41,48",8
2024-12-17,1572,"12,21,28,32,40",12
2024-12-13,1571,"3,28,39,40,49",14
2024-12-10,1570,"1,6,29,39,44",17
2024-12-06,1569,"5,15,19,32,35",11
2024-12-03,1568,"6,9,11,23,27",10
2024-11-29,1567,"5,16,27,32,40",1
2024-11-26,1566,"12,18,22,36,38",12
2024-11-22,1565,"15,17,19,43,49",8
2024-11-19,1564,"3,11,17,21,37",6
2024-11-15,1563,"5,18,21,23,31",18
2024-11-12,1562,"4,5,18,39,42",14
2024-11-08,1561,"4,5,29,35,45",7
2024-11-05,1560,"10,14,20,36,43",17
2024-11-01,1559,"3,12,17,29,38",18
2024-10-29,1558,"1,19,30,37,40",16
2024-10-25,1557,"10,38,39,42,49",17
2024-10-22,1556,"2,23,27,45,49",12
2024-10-18,1555,"4,12,28,33,48",14
2024-10-15,1554,"14,32,35,39,44",17
2024-10-11,1553,"3,8,13,46,48",11
2024-10-08,1552,"3,13,31,37,40",9
2024-10-04,1551,"2,8,24,42,48",17
2024-10-01,1550,"3,10,14,25,39",1
2024-09-27,1549,"12,22,29,43,47",10
2024-09-24,1548,"19,23,30,31,38",19
2024-09-20,1547,"6,12,16,18,47",19
2024-09-17,1546,"23,26,43,44,49",16
2024-09-13,1545,"2,10,25,37,43",7
2024-09-10,1544,"16,17,18,47,48",6
2024-09-06,1543,"10,17,23,44,46",4
2024-09-03,1542,"2,9,30,38,47",2
2024-08-30,1541,"8,27,33,43,48",14
2024-08-27,1540,"13,35,39,42,49",2
2024-08-23,1539,"20,22,37,39,40",7
2024-08-20,1538,"5,7,13,23,40",7
2024-08-16,1537,"9,14,15,22,36",1
2024-08-13,1536,"6,34,35,42,46",11
2024-08-09,1535,"7,13,28,37,44",6
2024-08-06,1534,"5,31,34,40,46",10
2024-08-02,1533,"2,5,10,31,32",11
2024-07-30,1532,"7,15,20,32,46",4
2024-07-26,1531,"6,9,12,38,39",17
2024-07-23,1530,"3,11,16,26,48",7
2024-07-19,1529,"2,6,9,31,37",6
2024-07-16,1528,"2,10,22,48,49",7
2024-07-12,1527,"5,10,26,37,44",15
2024-07-09,1526,"2,7,19,31,45",4
2024-07-05,1525,"18,19,22,38,49",15
2024-07-02,1524,"6,15,20,32,42",5
2024-06-28,1523,"19,22,31,40,47",5
2024-06-25,1522,"3,32,40,42,49",5
2024-06-21,1521,"9,29,30,33,49",10
2024-06-18,1520,"9,13,18,45,49",2
2024-06-14,1519,"19,24,40,45,49",7
2024-06-11,1518,"12,22,25,43,50",16
2024-06-07,1517,"6,9,17,37,41",19
2024-06-04,1516,"4,15,38,41,42",17
2024-05-31,1515,"17,20,22,35,43",7
2024-05-28,1514,"2,3,23,39,45",14
2024-05-24,1513,"4,14,16,18,25",11
2024-05-21,1512,"3,9,16,26,38",8
2024-05-17,1511,"18,22,23,31,32",18
2024-05-14,1510,"4,9,39,41,44",19
2024-05-10,1509,"9,21,33,43,44",10
2024-05-07,1508,"2,4,10,39,40",11
2024-05-03,1507,"28,31,33,37,44",2
2024-04-30,1506,"5,8,14,33,36",2
2024-04-26,1505,"5,12,13,17,32",12
2024-04-23,1504,"13,20,26,37,42",7
2024-04-19,1503,"4,17,18,44,48",19
2024-04-16,1502,"6,14,26,32,41",3
2024-04-12,1501,"22,26,42,43,45",20
2024-04-09,1500,"5,7,31,36,42",10
2024-04-05,1499,"6,8,16,28,36",18
2024-04-02,1498,"13,20,28,39,47",18
2024-03-29,1497,"1,13,24,25,35",4
2024-03-26,1496,"11,15,35,41,45",12
2024-03-22,1495,"9,10,36,43,44",7
2024-03-19,1494,"7,15,19,26,36",15
2024-03-15,1493,"4,9,20,22,33",20
2024-03-12,1492,"2,18,21,47,48",9
2024-03-08,1491,"7,18,19,27,28",14
2024-03-05,1490,"2,4,23,27,31",4
2024-03-01,1489,"10,30,35,42,46",10
2024-02-27,1488,"12,13,33,39,43",4
2024-02-23,1487,"3,19,22,35,38",17
2024-02-20,1486,"4,13,16,21,32",4
2024-02-16,1485,"18,33,35,46,48",16
2024-02-13,1484,"13,15,30,32,46",17
2024-02-09,1483,"8,16,24,29,36",17
2024-02-06,1482,"2,6,10,18,28",15
2024-02-02,1481,"21,35,37,43,46",19
2024-01-30,1480,"1,8,30,39,44",3
2024-01-26,1479,"1,6,13,20,21",12
2024-01-23,1478,"9,16,21,26,39",16
2024-01-19,1477,"11,18,20,41,46",15
2024-01-16,1476,"5,29,40,42,47",6
2024-01-12,1475,"15,29,36,45,49",5
2024-01-09,1474,"12,20,24,33,43",19
2024-01-05,1473,"2,18,31,43,50",7
2024-01-02,1472,"9,20,23,46,50",5
2023-12-29,1471,"17,21,38,48,49",15
2023-12-26,1470,"6,29,30,34,38",12
2023-12-22,1469,"24,27,29,34,38",16
2023-12-19,1468,"4,17,25,28,35",2
2023-12-15,1467,"16,24,34,38,44",13
2023-12-12,1466,"7,9,15,38,41",17
2023-12-08,1465,"2,22,24,32,33",1
2023-12-05,1464,"19,20,21,30,39",12
2023-12-01,1463,"16,18,44,46,48",8
2023-11-28,1462,"4,17,25,26,46",5
2023-11-24,1461,"21,32,40,41,47",4
2023-11-21,1460,"3,13,24,45,49",10
2023-11-17,1459,"4,20,24,30,42",8
2023-11-14,1458,"10,24,30,33,44",20
2023-11-10,1457,"3,18,21,37,46",3
2023-11-07,1456,"3,13,28,31,40",15
2023-11-03,1455,"1,8,24,26,31",2
2023-10-31,1454,"10,15,19,36,48",4
2023-10-27,1453,"16,17,21,31,36",15
2023-10-24,1452,"1,10,33,37,46",4
2023-10-20,1451,"3,7,13,18,42",12
2023-10-17,1450,"5,18,29,36,49",18
2023-10-13,1449,"9,11,39,41,44",19
2023-10-10,1448,"7,15,19,20,49",10
2023-10-06,1447,"19,21,25,41,49",9
2023-10-03,1446,"3,8,15,24,45",14
2023-09-29,1445,"6,14,27,31,47",14
2023-09-26,1444,"8,22,25,35,44",2
2023-09-22,1443,"8,9,19,26,27",5
2023-09-19,1442,"15,18,36,43,46",18
2023-09-15,1441,"3,21,28,35,46",19
2023-09-12,1440,"3,15,18,36,45",20
2023-09-08,1439,"5,8,14,35,36",12
2023-09-05,1438,"4,12,18,24,50",12
2023-09-01,1437,"1,3,8,33,49",4
2023-08-29,1436,"8,23,31,36,44",17
2023-08-25,1435,"3,4,7,13,24",5
2023-08-22,1434,"5,10,16,19,29",10
2023-08-18,1433,"1,3,6,7,16",1
2023-08-15,1432,"7,9,16,34,38",11
2023-08-11,1431,"30,35,42,43,44",5
2023-08-08,1430,"17,18,26,39,46",4
2023-08-04,1429,"19,27,28,37,43",4
2023-08-01,1428,"1,16,30,38,46",10
2023-07-28,1427,"2,6,11,20,47",7
2023-07-25,1426,"14,24,25,44,48",4
2023-07-21,1425,"19,21,25,31,48",20
2023-07-18,1424,"5,21,33,45,50",5
2023-07-14,1423,"1,22,31,32,41",9
2023-07-11,1422,"10,19,20,22,48",19
2023-07-07,1421,"8,21,25,26,29",18
2023-07-04,1420,"13,29,30,31,47",8
2023-06-30,1419,"9,17,27,36,37",16
2023-06-27,1418,"7,21,33,45,46",12
2023-06-23,1417,"19,37,41,43,47",16
2023-06-20,1416,"20,24,33,44,48",6
2023-06-16,1415,"13,21,26,30,50",2
2023-06-13,1414,"10,28,31,35,42",1
2023-06-09,1413,"5,17,22,27,37",2
2023-06-06,1412,"3,9,15,38,44",12
2023-06-02,1411,"1,4,5,12,25",14
2023-05-30,1410,"3,7,38,48,50",16
2023-05-26,1409,"4,9,21,22,41",7
2023-05-23,1408,"20,24,26,28,38",13
2023-05-19,1407,"3,16,22,42,49",19
2023-05-16,1406,"1,5,14,36,45",19
2023-05-12,1405,"5,11,30,40,47",18
2023-05-09,1404,"2,4,16,17,34",19
2023-05-05,1403,"2,20,24,29,43",20
2023-05-02,1402,"13,16,17,41,43",18
2023-04-28,1401,"20,21,28,35,44",11
2023-04-25,1400,"10,12,13,23,47",16
2023-04-21,1399,"2,3,6,12,49",10
2023-04-18,1398,"3,5,8,15,25",16
2023-04-14,1397,"16,20,33,37,44",16
2023-04-11,1396,"4,30,38,43,49",19
2023-04-07,1395,"9,15,21,22,26",13
2023-04-04,1394,"15,18,29,33,35",12
2023-03-31,1393,"7,20,41,42,49",7
2023-03-28,1392,"10,22,27,42,49",19
2023-03-24,1391,"6,27,33,45,46",14
2023-03-21,1390,"7,22,28,34,41",10
2023-03-17,1389,"21,22,27,41,43",5
2023-03-14,1388,"8,20,29,42,44",16
2023-03-10,1387,"12,19,22,27,37",6
2023-03-07,1386,"8,14,15,27,49",16
2023-03-03,1385,"18,20,41,47,50",14
2023-02-28,1384,"2,14,21,22,40",19
2023-02-24,1383,"7,23,31,38,43",11
2023-02-21,1382,"10,18,22,36,48",2
2023-02-17,1381,"1,2,4,19,24",19
2023-02-14,1380,"8,14,18,21,49",11
2023-02-10,1379,"3,5,21,42,46",6
2023-02-07,1378,"3,4,23,32,49",8
2023-02-03,1377,"17,32,35,42,43",6
2023-01-31,1376,"12,14,17,29,50",20
2023-01-27,1375,"27,34,36,40,50",2
2023-01-24,1374,"3,10,32,40,48",2
2023-01-20,1373,"5,12,15,39,47",8
2023-01-17,1372,"1,9,37,38,39",5
2023-01-13,1371,"12,19,25,29,41",2
2023-01-10,1370,"8,22,27,37,50",9
2023-01-06,1369,"6,20,31,37,46",4
2023-01-03,1368,"2,21,33,39,42",11
2022-12-30,1367,"5,8,27,33,48",7
2022-12-27,1366,"3,19,24,28,45",12
2022-12-23,1365,"3,12,13,18,46",1
2022-12-20,1364,"4,9,19,24,29",2
2022-12-16,1363,"26,28,36,43,48",11
2022-12-13,1362,"16,23,36,43,46",17
2022-12-09,1361,"2,9,17,45,48",14
2022-12-06,1360,"1,9,10,47,50",11
2022-12-02,1359,"12,14,28,31,34",5
2022-11-29,1358,"4,6,8,33,38",5
2022-11-25,1357,"7,16,26,34,40",11
2022-11-22,1356,"5,18,21,37,38",19
2022-11-18,1355,"13,24,29,47,50",5
2022-11-15,1354,"5,7,16,36,41",2
2022-11-11,1353,"1,28,34,35,39",18
2022-11-08,1352,"7,8,9,10,17",17
2022-11-04,1351,"1,8,29,35,40",15
2022-11-01,1350,"3,6,22,29,47",19
2022-10-28,1349,"15,25,30,32,40",9
2022-10-25,1348,"20,23,27,39,46",6
2022-10-21,1347,"16,18,26,35,41",3
2022-10-18,1346,"6,7,14,29,48",13
2022-10-14,1345,"6,17,22,33,37",2
2022-10-11,1344,"2,12,25,29,34",16
2022-10-07,1343,"3,12,16,33,45",15
2022-10-04,1342,"23,24,27,38,41",2
2022-09-30,1341,"7,27,29,35,50",3
2022-09-27,1340,"4,32,39,40,46",6
2022-09-23,1339,"9,25,42,46,47",16
2022-09-20,1338,"13,16,23,45,47",17
2022-09-16,1337,"7,16,27,28,29",17
2022-09-13,1336,"1,10,11,20,33",11
2022-09-09,1335,"9,14,22,35,47",4
2022-09-06,1334,"2,8,26,31,34",5
2022-09-02,1333,"1,12,18,20,41",5
2022-08-30,1332,"1,7,10,27,35",17
2022-08-26,1331,"3,11,17,23,45",15
2022-08-23,1330,"10,11,17,29,40",15
2022-08-19,1329,"23,36,39,40,43",3
2022-08-16,1328,"21,33,40,42,48",2
2022-08-12,1327,"24,30,38,39,44",16
2022-08-09,1326,"6,26,39,42,43",1
2022-08-05,1325,"16,18,21,32,44",18
2022-08-02,1324,"13,14,20,43,45",1
2022-07-29,1323,"7,14,28,32,36",8
2022-07-26,1322,"4,6,9,41,50",13
2022-07-22,1321,"5,18,19,20,48",1
2022-07-19,1320,"14,18,29,46,47",16
2022-07-15,1319,"3,9,36,44,50",16
2022-07-12,1318,"1,17,21,47,48",15
2022-07-08,1317,"4,9,19,21,37",15
2022-07-05,1316,"13,14,16,18,31",19
2022-07-01,1315,"6,8,13,21,28",1
2022-06-28,1314,"9,12,28,29,50",13
2022-06-24,1313,"4,13,25,38,44",13
2022-06-21,1312,"2,6,18,40,50",16
2022-06-17,1311,"4,22,32,46,48",16
2022-06-14,1310,"5,23,26,46,48",16
2022-06-10,1309,"12,25,26,27,49",13
2022-06-07,1308,"4,7,35,41,46",4
2022-06-03,1307,"12,17,20,21,33",6
2022-05-31,1306,"1,5,17,24,33",13
2022-05-27,1305,"7,24,26,27,50",18
2022-05-24,1304,"7,16,21,22,32",12
2022-05-20,1303,"2,14,19,24,39",9
2022-05-17,1302,"15,24,32,35,46",11
2022-05-13,1301,"9,14,15,35,49",13
2022-05-10,1300,"22,38,42,48,49",16
2022-05-06,1299,"4,14,30,34,38",14
2022-05-03,1298,"24,26,35,39,44",20
2022-04-29,1297,"5,10,25,34,50",16
2022-04-26,1296,"2,20,38,43,46",9
2022-04-22,1295,"13,20,30,38,42",9
2022-04-19,1294,"12,25,26,28,43",8
2022-04-15,1293,"4,10,12,35,39",4
2022-04-12,1292,"11,15,28,34,42",5
2022-04-08,1291,"7,12,13,16,38",16
2022-04-05,1290,"18,36,38,42,50",17
2022-04-01,1289,"11,17,21,37,47",7
2022-03-29,1288,"1,20,35,42,46",2
2022-03-25,1287,"15,28,32,43,50",17
2022-03-22,1286,"20,30,35,43,48",19
2022-03-18,1285,"3,12,15,19,22",8
2022-03-15,1284,"19,24,37,38,41",16
2022-03-11,1283,"5,11,24,37,47",2
2022-03-08,1282,"8,14,21,40,43",5
2022-03-04,1281,"9,17,33,46,49",5
2022-03-01,1280,"4,15,26,38,39",19
2022-02-25,1279,"6,12,26,40,45",1
2022-02-22,1278,"18,29,31,32,49",1
2022-02-18,1277,"2,15,31,47,48",15
2022-02-15,1276,"2,9,26,27,32",17
2022-02-11,1275,"9,18,34,36,49",12
2022-02-08,1274,"1,4,14,39,49",13
2022-02-04,1273,"2,10,11,23,24",11
2022-02-01,1272,"31,33,37,40,43",1
2022-01-28,1271,"1,12,21,26,48",18
2022-01-25,1270,"3,11,29,32,36",8
2022-01-21,1269,"10,14,19,34,37",12
2022-01-18,1268,"9,36,44,45,46",16
2022-01-14,1267,"12,22,26,29,49",20
2022-01-11,1266,"20,23,27,38,45",17
2022-01-07,1265,"10,12,37,42,43",2
2022-01-04,1264,"3,19,38,45,46",19
2021-12-31,1263,"27,30,33,38,49",5
2021-12-28,1262,"2,13,16,49,50",18
2021-12-24,1261,"6,10,11,29,41",16
2021-12-21,1260,"13,35,46,47,50",5
2021-12-17,1259,"19,28,34,38,48",4
2021-12-14,1258,"5,19,30,37,43",16
2021-12-10,1257,"23,24,27,48,49",3
2021-12-07,1256,"4,7,17,19,23",14
2021-12-03,1255,"9,19,20,30,31",10
2021-11-30,1254,"2,17,22,31,35",4
2021-11-26,1253,"5,7,11,19,38",14
2021-11-23,1252,"3,18,21,24,28",1
2021-11-19,1251,"4,16,39,40,50",9
2021-11-16,1250,"8,9,36,42,50",4
2021-11-12,1249,"2,24,27,41,49",17
2021-11-09,1248,"13,15,32,43,44",3
2021-11-05,1247,"9,15,38,40,42",2
2021-11-02,1246,"11,24,25,26,38",20
2021-10-29,1245,"29,42,45,47,49",8
2021-10-26,1244,"8,15,19,27,49",4
2021-10-22,1243,"3,8,17,40,47",13
2021-10-19,1242,"15,19,21,24,41",2
2021-10-15,1241,"15,30,44,45,48",15
2021-10-12,1240,"23,30,32,36,39",12
2021-10-08,1239,"4,14,18,24,38",9
2021-10-05,1238,"2,13,20,42,47",3
2021-10-01,1237,"24,25,38,40,49",2
2021-09-28,1236,"13,15,20,28,29",15
2021-09-24,1235,"14,17,24,31,43",15
2021-09-21,1234,"18,26,41,44,47",4
2021-09-17,1233,"8,10,17,26,39",14
2021-09-14,1232,"16,18,23,31,35",10
2021-09-10,1231,"8,12,17,28,43",13
2021-09-07,1230,"2,11,13,19,40",2
2021-09-03,1229,"2,9,18,42,43",8
2021-08-31,1228,"9,10,35,42,48",20
2021-08-27,1227,"6,10,11,45,47",13
2021-08-24,1226,"21,23,34,35,41",9
2021-08-20,1225,"6,21,33,37,50",18
2021-08-17,1224,"10,18,23,30,48",1
2021-08-13,1223,"5,23,41,42,50",2
2021-08-10,1222,"1,4,12,13,33",6
2021-08-06,1221,"7,13,18,20,25",6
2021-08-03,1220,"8,16,18,30,34",4
2021-07-30,1219,"4,12,27,35,50",1
2021-07-27,1218,"5,12,15,28,29",14
2021-07-23,1217,"21,45,47,48,49",18
2021-07-20,1216,"7,32,33,40,42",6
2021-07-16,1215,"20,22,25,41,45",5
2021-07-13,1214,"2,28,29,38,42",2
2021-07-09,1213,"3,12,29,31,38",15
2021-07-06,1212,"1,16,18,26,39",8
2021-07-02,1211,"20,30,34,38,43",7
2021-06-29,1210,"6,35,41,43,45",4
2021-06-25,1209,"4,16,34,36,46",6
2021-06-22,1208,"3,11,24,33,41",16
2021-06-18,1207,"3,8,19,28,49",11
2021-06-15,1206,"13,23,24,27,44",10
2021-06-11,1205,"9,12,27,37,48",7
2021-06-08,1204,"1,3,17,28,50",7
2021-06-04,1203,"17,34,37,39,44",10
2021-06-01,1202,"3,5,23,37,42",11
2021-05-28,1201,"31,33,36,38,44",4
2021-05-25,1200,"3,4,8,25,44",15
2021-05-21,1199,"19,21,24,45,50",5
2021-05-18,1198,"4,11,30,35,45",12
2021-05-14,1197,"3,16,28,31,48",11
2021-05-11,1196,"4,10,17,29,38",20
2021-05-07,1195,"4,7,19,20,49",19
2021-05-04,1194,"3,9,17,25,39",13
2021-04-30,1193,"6,12,22,38,45",4
2021-04-27,1192,"1,8,22,29,49",18
2021-04-23,1191,"5,14,19,30,35",12
2021-04-20,1190,"3,5,12,32,49",19
2021-04-16,1189,"2,5,12,25,49",20
2021-04-13,1188,"6,8,22,31,42",15
2021-04-09,1187,"18,31,39,45,46",17
2021-04-06,1186,"3,13,21,42,45",8
2021-04-02,1185,"4,8,15,25,26",17
2021-03-30,1184,"7,16,24,25,38",9
2021-03-26,1183,"5,25,27,42,47",15
2021-03-23,1182,"7,9,10,18,34",16
2021-03-19,1181,"5,16,27,32,46",18
2021-03-16,1180,"11,20,21,32,36",18
2021-03-12,1179,"7,15,29,34,39",2
2021-03-09,1178,"28,30,36,37,41",7
2021-03-05,1177,"6,15,39,40,48",17
2021-03-02,1176,"1,11,21,32,42",11
2021-02-26,1175,"1,3,7,41,44",11
2021-02-23,1174,"8,13,25,32,42",16
2021-02-19,1173,"3,17,20,25,47",3
2021-02-16,1172,"5,18,31,36,45",8
2021-02-12,1171,"3,15,35,39,41",5
2021-02-09,1170,"4,7,15,30,32",10
2021-02-05,1169,"8,16,19,20,50",18
2021-02-02,1168,"6,13,22,34,49",10
2021-01-29,1167,"2,11,16,22,47",19
2021-01-26,1166,"4,8,12,15,19",17
2021-01-22,1165,"11,14,36,37,44",19
2021-01-19,1164,"13,16,28,42,45",11
2021-01-15,1163,"24,31,40,45,48",20
2021-01-12,1162,"11,13,28,36,37",15
2021-01-08,1161,"11,16,28,32,41",6
2021-01-05,1160,"4,17,42,46,48",14
2021-01-01,1159,"1,7,24,30,44",1
2020-12-29,1158,"15,17,24,28,30",19
2020-12-22,1157,"9,12,15,27,42",14
2020-12-18,1156,"20,22,24,28,47",14
2020-12-15,1155,"3,7,13,34,50",6
2020-12-11,1154,"13,18,25,36,49",19
2020-12-08,1153,"6,16,35,37,40",2
2020-12-04,1152,"13,15,24,30,50",9
2020-12-01,1151,"5,6,7,8,9",10
2020-11-27,1150,"13,29,34,36,49",18
2020-11-24,1149,"13,15,30,43,47",18
2020-11-20,1148,"7,10,13,22,50",12
2020-11-17,1147,"11,12,36,37,38",12
2020-11-13,1146,"1,11,16,19,24",19
2020-11-10,1145,"6,23,30,35,36",14
2020-11-06,1144,"6,9,33,40,44",11
2020-11-03,1143,"1,2,25,36,39",12
2020-10-30,1142,"4,27,36,46,49",16
2020-10-27,1141,"19,25,41,45,46",12
2020-10-23,1140,"3,6,36,41,43",17
2020-10-20,1139,"15,20,29,32,45",4
2020-10-16,1138,"1,7,18,37,48",13
2020-10-13,1137,"13,15,20,27,28",7
2020-10-09,1136,"8,21,38,41,50",4
2020-10-06,1135,"6,21,25,29,33",9
2020-10-02,1134,"8,10,23,41,50",9
2020-09-29,1133,"7,12,16,28,38",13
2020-09-25,1132,"2,17,18,27,37",4
2020-09-22,1131,"3,10,28,31,41",7
2020-09-18,1130,"8,19,24,29,44",8
2020-09-15,1129,"3,18,32,40,46",7
2020-09-11,1128,"1,4,10,12,49",18
2020-09-08,1127,"12,13,14,36,50",6
2020-09-04,1126,"2,3,11,12,43",13
2020-09-01,1125,"16,21,22,36,39",5
2020-08-28,1124,"8,10,17,44,45",12
2020-08-25,1123,"7,20,32,34,48",1
2020-08-21,1122,"13,32,33,40,41",1
2020-08-18,1121,"6,22,30,39,49",2
2020-08-14,1120,"10,11,16,25,30",1
2020-08-11,1119,"27,29,39,40,42",6
2020-08-07,1118,"11,30,42,45,48",12
2020-08-04,1117,"4,28,34,38,47",16
2020-07-31,1116,"6,18,30,46,48",11
2020-07-28,1115,"3,28,30,38,40",8
2020-07-24,1114,"4,6,11,27,34",10
2020-07-21,1113,"17,20,22,32,41",3
2020-07-17,1112,"12,15,24,30,38",6
2020-07-14,1111,"20,21,28,48,49",3
2020-07-10,1110,"11,16,44,46,50",1
2020-07-07,1109,"2,7,13,20,45",18
2020-07-03,1108,"2,7,15,25,41",1
2020-06-30,1107,"2,11,27,36,39",3
2020-06-26,1106,"11,20,21,34,50",7
2020-06-23,1105,"2,7,16,36,47",18
2020-06-19,1104,"21,28,29,33,48",7
2020-06-16,1103,"4,26,27,29,41",15
2020-06-12,1102,"9,27,38,43,48",15
2020-06-09,1101,"5,37,43,49,50",3
2020-06-05,1100,"14,23,28,40,48",3
2020-06-02,1099,"5,15,29,41,46",14
2020-05-29,1098,"4,27,30,34,45",20
2020-05-26,1097,"15,25,34,39,42",4
2020-05-22,1096,"9,10,24,41,45",15
2020-05-19,1095,"9,15,19,36,44",10
2020-05-15,1094,"5,7,13,19,47",4
2020-05-12,1093,"6,22,34,44,45",11
2020-05-08,1092,"12,21,30,35,45",18
2020-05-05,1091,"6,22,41,46,49",3
2020-05-01,1090,"12,20,43,48,49",6
2020-04-28,1089,"6,12,32,36,45",4
2020-04-24,1088,"10,12,22,42,50",18
2020-04-21,1087,"8,13,21,46,50",13
2020-04-17,1086,"16,19,20,23,25",10
2020-04-14,1085,"6,11,25,31,46",9
2020-04-10,1084,"7,14,22,24,41",16
2020-04-07,1083,"4,13,32,34,42",9
2020-04-03,1082,"9,10,29,32,45",9
2020-03-31,1081,"14,20,28,43,49",5
2020-03-27,1080,"3,8,18,38,45",3
2020-03-24,1079,"4,12,41,45,46",5
2020-03-20,1078,"4,9,16,21,36",14
2020-03-17,1077,"16,29,34,38,49",14
2020-03-13,1076,"5,6,12,22,50",11
2020-03-10,1075,"6,8,24,25,50",10
2020-03-06,1074,"6,23,26,28,47",6
2020-03-03,1073,"11,17,18,27,44",8
2020-02-28,1072,"1,31,37,49,50",2
2020-02-25,1071,"4,10,17,26,31",11
2020-02-21,1070,"4,18,30,34,36",20
2020-02-18,1069,"14,17,20,36,49",2
2020-02-14,1068,"2,19,40,49,50",6
2020-02-11,1067,"9,22,40,43,46",1
2020-02-07,1066,"2,4,29,38,47",1
2020-02-04,1065,"3,15,23,37,45",18
2020-01-31,1064,"11,14,18,29,34",15
2020-01-28,1063,"14,18,31,36,49",9
2020-01-24,1062,"5,11,26,48,49",12
2020-01-21,1061,"14,18,32,42,49",17
2020-01-17,1060,"7,8,18,26,31",16
2020-01-14,1059,"9,10,11,32,43",15
2020-01-10,1058,"23,25,28,30,40",13
2020-01-07,1057,"4,8,18,35,49",10
2020-01-03,1056,"8,9,18,43,50",12
2019-12-31,1055,"22,31,44,49,50",8
2019-12-27,1054,"4,13,34,36,38",4
2019-12-24,1053,"14,18,29,41,46",6
2019-12-20,1052,"8,10,22,36,40",20
2019-12-17,1051,"15,27,33,38,48",1
2019-12-13,1050,"1,9,13,25,34",10
2019-12-10,1049,"18,21,24,40,50",17
2019-12-06,1048,"12,19,33,34,49",8
2019-12-03,1047,"5,6,15,23,45",6
2019-11-29,1046,"6,11,21,25,49",12
2019-11-26,1045,"2,8,11,13,32",3
2019-11-22,1044,"5,17,18,20,26",7
2019-11-19,1043,"3,4,16,43,44",10
2019-11-15,1042,"13,15,31,37,49",13
2019-11-12,1041,"3,5,10,11,25",10
2019-11-08,1040,"5,18,27,37,45",12
2019-11-05,1039,"4,7,18,27,37",8
2019-11-01,1038,"13,25,29,43,47",12
2019-10-29,1037,"8,29,38,41,50",2
2019-10-25,1036,"2,21,29,37,49",9
2019-10-22,1035,"3,22,31,35,48",16
2019-10-18,1034,"15,21,31,34,44",2
2019-10-15,1033,"10,34,36,39,50",6
2019-10-11,1032,"15,16,17,26,43",10
2019-10-08,1031,"4,15,36,37,50",17
2019-10-04,1030,"4,5,23,29,31",17
2019-10-01,1029,"3,9,29,32,50",7
2019-09-27,1028,"14,16,18,22,39",15
2019-09-24,1027,"6,34,35,36,46",12
2019-09-20,1026,"9,16,22,29,35",6
2019-09-17,1025,"13,21,23,35,49",8
2019-09-13,1024,"8,9,10,11,42",9
2019-09-10,1023,"10,15,24,28,50",5
2019-09-06,1022,"2,20,25,40,49",20
2019-09-03,1021,"6,11,16,31,34",19
2019-08-30,1020,"8,14,36,40,47",2
2019-08-27,1019,"4,5,9,10,11",13
2019-08-23,1018,"8,9,15,20,24",14
2019-08-20,1017,"11,19,20,39,41",9
2019-08-16,1016,"3,10,14,31,41",9
2019-08-13,1015,"5,16,17,25,38",2
2019-08-09,1014,"2,18,34,37,48",3
2019-08-06,1013,"6,8,15,30,37",20
2019-08-02,1012,"5,31,45,46,47",5
2019-07-30,1011,"1,14,29,32,38",18
2019-07-26,1010,"4,17,19,43,48",7
2019-07-23,1009,"4,6,35,45,48",20
2019-07-19,1008,"3,12,13,20,41",16
2019-07-16,1007,"3,5,20,23,40",14
2019-07-12,1006,"29,35,46,47,48",17
2019-07-09,1005,"9,12,28,44,49",13
2019-07-05,1004,"28,37,39,46,47",12
2019-07-02,1003,"16,29,43,44,47",15
2019-06-28,1002,"3,13,16,33,41",10
2019-06-25,1001,"3,32,33,38,40",11
2019-06-21,1000,"8,15,28,46,49",8
2019-06-18,999,"2,3,17,20,33",3
2019-06-14,998,"24,26,27,35,39",15
2019-06-11,997,"11,14,15,38,47",13
2019-06-07,996,"4,11,21,22,45",14
2019-06-04,995,"10,16,22,46,50",19
2019-05-31,994,"5,21,25,27,47",12
2019-05-28,993,"15,21,25,33,43",17
2019-05-24,992,"3,25,29,38,39",7
2019-05-21,991,"3,11,15,33,43",13
2019-05-17,990,"9,19,29,31,46",17
2019-05-14,989,"15,18,34,44,46",16
2019-05-10,988,"14,22,23,39,43",15
2019-05-07,987,"15,22,30,45,48",13
2019-05-03,986,"13,18,20,35,36",11
2019-04-30,985,"1,3,20,46,48",5
2019-04-26,984,"13,16,19,43,49",13
2019-04-23,983,"10,35,37,46,48",9
2019-04-19,982,"17,19,25,43,47",4
2019-04-16,981,"5,6,32,44,48",5
2019-04-12,980,"28,35,41,43,50",12
2019-04-09,979,"5,11,13,28,38",14
2019-04-05,978,"15,22,29,31,48",3
2019-04-02,977,"11,29,35,38,41",18
2019-03-29,976,"3,6,11,13,31",13
2019-03-26,975,"1,8,24,26,30",2
2019-03-22,974,"8,10,15,34,35",16
2019-03-19,973,"3,16,32,33,36",7
2019-03-15,972,"19,36,40,45,49",5
2019-03-12,971,"8,27,40,46,48",18
2019-03-08,970,"4,5,7,11,22",3
2019-03-05,969,"1,18,24,48,49",20
2019-03-01,968,"24,29,34,46,49",15
2019-02-26,967,"10,20,28,31,33",12
2019-02-22,966,"7,9,10,11,40",2
2019-02-19,965,"14,18,21,26,35",5
2019-02-15,964,"19,20,37,42,43",17
2019-02-12,963,"15,16,24,38,47",13
2019-02-08,962,"22,30,39,41,42",11
2019-02-05,961,"5,28,31,35,50",9
2019-02-01,960,"5,13,19,39,41",3
2019-01-29,959,"6,7,23,25,29",5
2019-01-25,958,"20,27,31,40,41",9
2019-01-22,957,"6,15,24,41,47",3
2019-01-18,956,"8,23,26,38,40",9
2019-01-15,955,"9,13,24,27,29",20
2019-01-11,954,"8,21,25,29,42",15
2019-01-08,953,"2,15,35,44,46",13
2019-01-04,952,"7,9,24,26,29",1
2019-01-01,951,"42,44,46,47,48",11
2018-12-28,950,"18,21,30,32,50",8
2018-12-25,949,"13,16,28,29,30",7
2018-12-21,948,"22,34,40,44,48",2
2018-12-18,947,"3,5,14,20,32",16
2018-12-14,946,"4,5,9,16,20",3
2018-12-11,945,"7,29,39,42,48",7
2018-12-07,944,"3,6,22,33,47",15
2018-12-04,943,"5,13,20,33,34",6
2018-11-30,942,"12,15,25,29,49",7
2018-11-27,941,"12,27,39,41,46",10
2018-11-23,940,"3,6,8,23,30",8
2018-11-20,939,"14,32,33,37,47",15
2018-11-16,938,"20,24,32,33,35",18
2018-11-13,937,"4,6,19,24,41",8
2018-11-09,936,"6,7,10,19,43",20
2018-11-06,935,"10,20,48,49,50",12
2018-11-02,934,"2,30,36,42,47",13
2018-10-30,933,"19,20,24,27,29",19
2018-10-26,932,"2,15,19,24,38",20
2018-10-23,931,"4,17,21,28,48",20
2018-10-19,930,"1,32,39,41,43",6
2018-10-16,929,"2,8,27,35,41",8
2018-10-12,928,"1,2,11,19,44",8
2018-10-09,927,"5,13,22,24,40",5
2018-10-05,926,"32,36,42,46,49",11
2018-10-02,925,"3,7,15,24,35",18
2018-09-28,924,"7,24,31,36,50",2
2018-09-25,923,"7,15,17,30,40",11
2018-09-21,922,"28,32,39,43,46",8
2018-09-18,921,"15,22,23,31,38",1
2018-09-14,920,"10,17,29,31,40",9
2018-09-11,919,"3,26,34,40,50",12
2018-09-07,918,"9,11,20,28,44",6
2018-09-04,917,"3,13,24,25,41",8
2018-08-31,916,"7,38,42,43,47",3
2018-08-28,915,"4,13,21,41,44",15
2018-08-24,914,"3,6,25,27,40",4
2018-08-21,913,"19,21,23,34,45",9
2018-08-17,912,"9,19,24,35,42",10
2018-08-14,911,"13,29,32,38,45",5
2018-08-10,910,"3,10,14,43,50",14
2018-08-07,909,"2,3,19,24,30",3
2018-08-03,908,"1,15,23,24,35",4
2018-07-31,907,"3,6,14,34,36",12
2018-07-27,906,"4,15,19,33,36",2
2018-07-24,905,"9,15,18,24,29",19
2018-07-20,904,"9,21,22,33,39",5
2018-07-17,903,"12,26,34,35,44",4
2018-07-13,902,"13,14,34,38,45",11
2018-07-10,901,"1,31,34,38,46",12
2018-07-06,900,"8,16,19,35,39",11
2018-07-03,899,"3,38,48,49,50",18
2018-06-29,898,"15,22,25,31,37",16
2018-06-26,897,"15,25,39,43,50",14
2018-06-22,896,"2,6,13,14,19",17
2018-06-19,895,"12,20,23,24,37",4
2018-06-15,894,"8,9,14,28,41",9
2018-06-12,893,"3,5,31,35,37",13
2018-06-08,892,"3,13,25,26,34",13
2018-06-05,891,"10,13,28,33,45",14
2018-06-01,890,"1,37,40,41,43",4
2018-05-29,889,"12,21,31,37,41",13
2018-05-25,888,"6,11,23,36,37",13
2018-05-22,887,"3,10,15,19,44",14
2018-05-18,886,"6,10,11,28,40",7
2018-05-15,885,"5,10,20,27,40",10
2018-05-11,884,"8,22,33,40,43",3
2018-05-08,883,"3,4,6,26,44",5
2018-05-04,882,"4,9,11,12,25",6
2018-05-01,881,"8,17,29,40,42",11
2018-04-27,880,"2,8,12,20,43",6
2018-04-24,879,"6,16,17,39,43",4
2018-04-20,878,"5,13,20,31,35",9
2018-04-17,877,"3,6,7,16,33",17
2018-04-13,876,"6,9,21,23,30",14
2018-04-10,875,"2,14,17,31,34",19
2018-04-06,874,"3,11,26,35,43",3
2018-04-03,873,"4,13,16,33,40",2
2018-03-30,872,"8,19,34,37,41",11
2018-03-27,871,"4,9,12,18,31",6
2018-03-23,870,"3,23,24,35,37",9
2018-03-20,869,"5,21,35,37,40",9
2018-03-16,868,"8,17,29,31,38",5
2018-03-13,867,"13,26,31,37,43",15
2018-03-09,866,"9,11,20,26,34",10
2018-03-06,865,"12,24,29,35,36",1
2018-03-02,864,"1,14,27,33,40",12
2018-02-27,863,"6,16,18,33,34",13
2018-02-23,862,"15,20,31,36,45",17
2018-02-20,861,"8,27,30,33,42",3
2018-02-16,860,"2,8,26,28,30",2
2018-02-13,859,"5,10,12,29,42",8
2018-02-09,858,"1,8,10,26,39",17
2018-02-06,857,"6,7,21,27,40",15
2018-02-02,856,"10,13,30,36,45",19
2018-01-30,855,"8,20,41,42,43",4
2018-01-26,854,"6,8,14,22,25",3
2018-01-23,853,"3,28,40,41,42",8
2018-01-19,852,"1,3,13,24,27",12
2018-01-16,851,"12,27,29,35,36",15
2018-01-12,850,"15,17,20,25,42",19
2018-01-09,849,"4,11,18,19,40",19
2018-01-05,848,"8,31,34,35,44",4
2018-01-02,847,"21,29,30,34,37",20
2017-12-29,846,"3,7,21,41,42",18
2017-12-26,845,"13,14,29,42,44",4
2017-12-22,844,"5,9,16,19,31",3
2017-12-19,843,"3,7,11,43,44",4
2017-12-15,842,"2,9,10,17,44",18
2017-12-12,841,"7,10,15,24,39",19
2017-12-08,840,"3,8,17,22,27",13
2017-12-05,839,"4,8,19,32,40",18
2017-12-01,838,"8,11,22,28,29",1
2017-11-28,837,"7,11,28,38,39",14
2017-11-24,836,"4,14,29,37,43",18
2017-11-21,835,"16,23,32,34,41",18
2017-11-17,834,"13,14,24,36,42",20
2017-11-14,833,"8,21,25,34,41",20
2017-11-10,832,"13,28,31,33,44",8
2017-11-07,831,"9,10,22,34,44",18
2017-11-03,830,"3,17,19,23,44",19
2017-10-31,829,"6,10,16,36,43",17
2017-10-27,828,"14,15,21,29,45",6
2017-10-24,827,"13,26,37,42,44",3
2017-10-20,826,"19,20,24,26,30",20
2017-10-17,825,"1,3,10,39,43",13
2017-10-13,824,"5,8,25,30,32",17
2017-10-10,823,"13,15,25,29,39",14
2017-10-06,822,"18,22,23,31,38",17
2017-10-03,821,"7,26,35,36,39",14
2017-09-29,820,"26,28,32,39,42",9
2017-09-26,819,"9,17,33,42,45",13
2017-09-22,818,"4,12,28,30,39",3
2017-09-19,817,"15,22,25,36,39",19
2017-09-15,816,"11,16,24,28,44",6
2017-09-12,815,"2,3,11,29,41",15
2017-09-08,814,"6,7,34,39,42",12
2017-09-05,813,"2,13,14,15,32",6
2017-09-01,812,"11,13,31,39,41",15
2017-08-29,811,"12,13,17,19,34",11
2017-08-25,810,"2,15,23,28,32",2
2017-08-22,809,"15,19,31,36,44",9
2017-08-18,808,"13,23,30,34,40",11
2017-08-15,807,"4,17,27,34,35",5
2017-08-11,806,"11,28,31,32,41",18
2017-08-08,805,"3,5,12,14,22",9
2017-08-04,804,"15,17,24,25,28",17
2017-08-01,803,"5,18,36,40,42",5
2017-07-28,802,"7,28,30,35,39",1
2017-07-25,801,"12,18,22,29,44",6
2017-07-21,800,"7,20,29,40,43",6
2017-07-18,799,"23,25,30,40,43",20
2017-07-14,798,"21,28,29,31,35",8
2017-07-11,797,"2,15,19,27,34",19
2017-07-07,796,"9,16,18,32,43",2
2017-07-04,795,"5,7,10,15,30",5
2017-06-30,794,"4,5,10,23,28",3
2017-06-27,793,"26,27,30,32,45",16
2017-06-23,792,"14,20,33,44,45",19
2017-06-20,791,"14,21,28,38,40",18
2017-06-16,790,"4,7,25,28,33",14
2017-06-13,789,"13,18,32,36,45",14
2017-06-09,788,"11,12,17,19,35",1
2017-06-06,787,"1,27,28,32,43",12
2017-06-02,786,"7,11,16,38,45",20
2017-05-30,785,"12,14,25,26,39",2
2017-05-26,784,"13,26,29,31,37",7
2017-05-23,783,"4,7,15,22,26",4
2017-05-19,782,"1,2,9,17,37",7
2017-05-16,781,"9,20,30,36,38",13
2017-05-12,780,"1,3,15,30,37",5
2017-05-09,779,"18,19,23,37,43",14
2017-05-05,778,"8,9,21,24,26",4
2017-05-02,777,"2,10,12,27,32",13
2017-04-28,776,"8,23,24,40,44",7
2017-04-25,775,"2,19,25,30,32",13
2017-04-21,774,"3,7,11,29,40",18
2017-04-18,773,"2,5,21,24,25",1
2017-04-14,772,"13,17,20,33,42",4
2017-04-11,771,"14,18,24,27,38",18
2017-04-07,770,"20,21,24,34,43",20
2017-04-04,769,"10,19,28,33,34",1
2017-03-31,768,"9,11,20,22,36",13
2017-03-28,767,"2,6,7,22,27",3
2017-03-24,766,"1,3,5,13,15",11
2017-03-21,765,"7,9,10,33,34",14
2017-03-17,764,"6,15,20,31,37",8
2017-03-14,763,"11,19,31,33,36",10
2017-03-10,762,"11,20,24,28,33",2
2017-03-07,761,"6,10,14,35,44",5
2017-03-03,760,"1,19,24,34,41",16
2017-02-28,759,"9,15,20,42,45",5
2017-02-24,758,"6,9,20,30,38",11
2017-02-21,757,"9,11,14,29,37",5
2017-02-17,756,"9,20,23,39,42",6
2017-02-14,755,"5,12,14,39,42",17
2017-02-10,754,"1,12,21,24,42",5
2017-02-07,753,"7,16,18,30,39",2
2017-02-03,752,"20,22,37,39,43",17
2017-01-31,751,"2,9,31,40,45",3
2017-01-27,750,"4,5,16,28,30",10
2017-01-24,749,"7,19,33,35,39",5
2017-01-20,748,"5,7,17,23,41",6
2017-01-17,747,"12,29,35,36,41",10
2017-01-13,746,"14,20,21,26,38",18
2017-01-10,745,"6,20,25,28,31",10
2017-01-06,744,"11,14,30,40,42",9
2017-01-03,743,"6,16,26,29,31",8
2016-12-30,742,"14,31,33,42,44",15
2016-12-27,741,"8,16,20,21,36",4
2016-12-23,740,"1,4,6,11,16",2
2016-12-20,739,"1,9,17,20,23",12
2016-12-16,738,"8,15,26,28,35",10
2016-12-13,737,"7,8,23,26,33",16
2016-12-09,736,"1,2,8,10,14",9
2016-12-06,735,"1,24,29,33,38",20
2016-12-02,734,"1,11,24,28,42",9
2016-11-29,733,"4,9,22,31,41",12
2016-11-25,732,"5,21,22,28,33",18
2016-11-22,731,"17,18,19,25,36",13
2016-11-18,730,"2,7,12,18,21",10
2016-11-15,729,"11,17,23,42,45",13
2016-11-11,728,"1,3,20,35,36",12
2016-11-08,727,"5,30,40,43,44",2
2016-11-04,726,"5,14,23,31,36",19
2016-11-01,725,"24,25,26,37,44",12
2016-10-28,724,"9,10,18,25,36",3
2016-10-25,723,"8,24,27,30,43",14
2016-10-21,722,"8,15,20,22,29",19
2016-10-18,721,"7,19,35,41,44",16
2016-10-14,720,"4,12,31,38,40",3
2016-10-11,719,"15,23,24,26,36",19
2016-10-07,718,"2,14,24,34,45",7
2016-10-04,717,"4,16,18,25,30",6
2016-09-30,716,"5,15,16,25,36",16
2016-09-27,715,"3,11,34,37,45",15
2016-09-23,714,"3,11,30,32,37",3
2016-09-20,713,"2,18,29,32,44",20
2016-09-16,712,"1,12,33,34,37",16
2016-09-13,711,"1,5,16,21,40",2
2016-09-09,710,"2,18,35,37,41",15
2016-09-06,709,"4,18,39,43,44",12
2016-09-02,708,"20,23,30,38,41",10
2016-08-30,707,"4,9,14,18,34",10
2016-08-26,706,"2,12,14,32,42",8
2016-08-23,705,"9,13,19,26,43",8
2016-08-19,704,"6,18,32,33,36",4
2016-08-16,703,"7,8,16,30,44",14
2016-08-12,702,"10,15,35,38,39",13
2016-08-09,701,"5,13,17,24,36",18
2016-08-05,700,"3,21,34,37,40",20
2016-08-02,699,"8,11,14,30,42",8
2016-07-29,698,"4,12,31,41,42",19
2016-07-26,697,"1,6,16,22,25",13
2016-07-22,696,"1,7,16,28,35",3
2016-07-19,695,"2,31,34,38,39",5
2016-07-15,694,"2,14,31,34,37",12
2016-07-12,693,"4,12,23,31,41",5
2016-07-08,692,"1,12,26,36,37",3
2016-07-05,691,"9,17,19,29,42",15
2016-07-01,690,"17,20,22,27,41",18
2016-06-28,689,"4,5,7,10,34",16
2016-06-24,688,"1,7,9,21,43",9
2016-06-21,687,"3,13,22,26,43",18
2016-06-17,686,"7,9,23,39,45",10
2016-06-14,685,"20,24,40,44,45",17
2016-06-10,684,"3,6,17,21,27",10
2016-06-07,683,"3,4,11,23,37",17
2016-06-03,682,"7,14,20,37,43",12
2016-05-31,681,"3,28,38,39,42",16
2016-05-27,680,"7,15,24,28,29",2
2016-05-24,679,"8,12,23,24,31",15
2016-05-20,678,"21,29,32,36,43",3
2016-05-17,677,"8,15,17,24,30",18
2016-05-13,676,"3,5,23,29,37",20
2016-05-10,675,"5,20,26,27,33",18
2016-05-06,674,"3,13,24,41,44",5
2016-05-03,673,"1,15,23,32,41",11
2016-04-29,672,"3,11,22,35,41",9
2016-04-26,671,"1,3,16,19,31",13
2016-04-22,670,"1,4,12,18,29",16
2016-04-19,669,"10,11,12,32,33",17
2016-04-15,668,"20,29,33,37,38",6
2016-04-12,667,"2,16,18,20,24",16
2016-04-08,666,"24,28,34,35,43",13
2016-04-05,665,"4,24,27,36,40",8
2016-04-01,664,"11,15,31,37,43",11
2016-03-29,663,"4,28,37,40,45",14
2016-03-25,662,"1,7,12,21,33",2
2016-03-22,661,"11,13,23,42,43",4
2016-03-18,660,"14,17,26,32,33",14
2016-03-15,659,"4,7,32,41,44",11
2016-03-11,658,"1,2,3,13,34",11
2016-03-08,657,"2,6,15,26,39",12
2016-03-04,656,"1,6,30,40,43",6
2016-03-01,655,"4,8,15,17,27",1
2016-02-26,654,"5,12,35,36,38",17
2016-02-23,653,"3,15,16,23,24",3
2016-02-19,652,"12,14,15,23,41",18
2016-02-16,651,"5,9,11,14,42",7
2016-02-12,650,"9,32,40,42,44",19
2016-02-09,649,"14,21,41,42,43",4
2016-02-05,648,"6,15,16,31,40",9
2016-02-02,647,"7,8,32,35,44",9
2016-01-29,646,"5,14,20,24,28",5
2016-01-26,645,"3,12,16,27,37",12
2016-01-22,644,"1,5,15,23,43",11
2016-01-19,643,"1,4,9,35,39",5
2016-01-15,642,"4,9,19,31,32",1
2016-01-12,641,"10,16,27,29,36",13
2016-01-08,640,"15,17,38,39,43",11
2016-01-05,639,"24,29,38,39,45",18
2016-01-01,638,"13,17,24,34,40",18
2015-12-29,637,"5,7,14,25,30",3
2015-12-22,636,"3,8,16,38,43",9
2015-12-18,635,"3,35,40,43,45",5
2015-12-15,634,"4,11,18,20,42",12
2015-12-11,633,"1,3,5,11,38",13
2015-12-08,632,"7,10,12,24,26",7
2015-12-04,631,"7,18,34,35,41",1
2015-12-01,630,"4,10,18,23,34",1
2015-11-27,629,"1,19,28,42,44",18
2015-11-24,628,"30,33,34,44,45",8
2015-11-20,627,"10,16,29,37,41",7
2015-11-17,626,"17,29,35,38,40",13
2015-11-13,625,"2,11,16,31,45",20
2015-11-10,624,"6,21,22,28,43",2
2015-11-06,623,"19,24,30,40,42",10
2015-11-03,622,"1,7,10,37,45",3
2015-10-30,621,"3,6,18,40,44",12
2015-10-27,620,"5,13,18,27,41",3
2015-10-23,619,"1,5,27,33,37",10
2015-10-20,618,"13,14,17,35,44",6
2015-10-16,617,"28,34,41,42,45",8
2015-10-13,616,"7,11,14,23,34",3
2015-10-09,615,"14,17,32,41,43",5
2015-10-06,614,"24,35,38,42,44",9
2015-10-02,613,"6,9,14,32,43",1
2015-09-29,612,"10,11,12,24,35",19
2015-09-25,611,"14,20,21,26,32",12
2015-09-22,610,"2,21,22,25,31",19
2015-09-18,609,"5,17,25,40,45",6
2015-09-15,608,"5,19,21,42,43",17
2015-09-11,607,"2,6,22,23,41",9
2015-09-08,606,"1,12,13,14,23",20
2015-09-04,605,"1,25,29,43,44",13
2015-09-01,604,"23,30,31,44,45",7
2015-08-28,603,"10,16,18,20,31",17
2015-08-25,602,"2,11,19,20,31",10
2015-08-21,601,"8,14,23,26,45",1
2015-08-18,600,"6,20,30,40,43",13
2015-08-14,599,"2,17,26,32,43",11
2015-08-11,598,"11,14,20,24,44",16
2015-08-07,597,"9,10,19,28,45",12
2015-08-04,596,"4,7,8,26,36",13
2015-07-31,595,"4,9,28,35,38",14
2015-07-28,594,"6,21,23,36,43",18
2015-07-24,593,"12,34,35,38,39",3
2015-07-21,592,"4,18,19,21,29",17
2015-07-17,591,"8,23,24,42,44",4
2015-07-14,590,"8,12,15,25,36",10
2015-07-10,589,"10,11,14,19,34",14
2015-07-07,588,"11,16,20,22,38",5
2015-07-03,587,"2,9,19,24,26",14
2015-06-30,586,"12,15,25,39,44",19
2015-06-26,585,"11,12,24,27,32",20
2015-06-23,584,"4,11,19,24,42",6
2015-06-19,583,"1,22,29,34,35",15
2015-06-16,582,"10,13,15,22,30",1
2015-06-12,581,"21,26,28,30,44",10
2015-06-09,580,"2,8,16,18,30",12
2015-06-05,579,"5,9,21,25,35",4
2015-06-02,578,"6,8,11,19,22",17
2015-05-29,577,"4,12,17,25,29",5
2015-05-26,576,"12,13,20,31,36",19
2015-05-22,575,"9,31,32,40,41",10
2015-05-19,574,"3,21,25,26,36",1
2015-05-15,573,"8,26,40,44,45",7
2015-05-12,572,"18,21,24,28,41",15
2015-05-08,571,"2,22,37,38,43",15
2015-05-05,570,"4,8,18,22,38",15
2015-05-01,569,"4,8,20,35,45",16
2015-04-28,568,"11,27,37,39,44",3
2015-04-24,567,"4,13,20,31,38",1
2015-04-21,566,"7,9,22,28,35",15
2015-04-17,565,"5,6,26,31,41",16
2015-04-14,564,"20,22,23,29,33",19
2015-04-10,563,"12,13,17,22,28",18
2015-04-07,562,"5,16,22,24,40",7
2015-03-31,561,"5,6,20,26,27",15
2015-03-27,560,"8,23,33,35,40",17
2015-03-24,559,"5,17,21,25,36",16
2015-03-20,558,"11,17,27,34,42",9
2015-03-17,557,"12,15,26,34,41",16
2015-03-13,556,"18,19,20,22,43",6
2015-03-10,555,"24,26,27,31,33",18
2015-03-06,554,"10,21,23,25,45",9
2015-03-03,553,"1,27,30,33,38",9
2015-02-27,552,"4,9,27,31,41",11
2015-02-24,551,"13,14,18,25,39",20
2015-02-20,550,"2,11,12,19,40",12
2015-02-17,549,"1,5,9,18,40",17
2015-02-13,548,"6,11,20,27,37",20
2015-02-10,547,"10,20,27,31,33",6
2015-02-06,546,"17,23,36,38,42",2
2015-02-03,545,"11,12,25,41,42",20
2015-01-30,544,"4,23,25,43,45",17
2015-01-27,543,"12,26,28,31,35",13
2015-01-23,542,"1,8,11,29,34",13
2015-01-20,541,"3,4,23,31,35",5
2015-01-16,540,"5,7,14,29,42",4
2015-01-13,539,"3,9,15,18,35",17
2015-01-09,538,"2,13,15,17,31",5
2015-01-06,537,"2,9,14,18,20",20
2015-01-02,536,"1,14,21,41,43",16
2014-12-30,535,"8,15,25,31,40",13
2014-12-26,534,"10,12,13,30,45",11
2014-12-23,533,"2,25,31,32,36",3
2014-12-19,532,"7,9,10,29,45",7
2014-12-16,531,"9,10,11,15,34",2
2014-12-12,530,"26,33,34,36,38",2
2014-12-09,529,"13,22,35,36,43",15
2014-12-05,528,"14,20,26,28,39",12
2014-12-02,527,"19,25,26,40,43",12
2014-11-28,526,"21,28,33,40,43",10
2014-11-25,525,"8,19,24,37,40",7
2014-11-21,524,"7,10,12,32,40",14
2014-11-18,523,"15,18,22,24,41",1
2014-11-14,522,"3,14,27,29,45",19
2014-11-11,521,"3,4,18,22,40",7
2014-11-07,520,"8,14,33,41,44",9
2014-11-04,519,"12,17,19,24,36",11
2014-10-31,518,"4,16,21,35,36",6
2014-10-28,517,"9,10,17,23,33",18
2014-10-24,516,"7,21,31,37,44",10
2014-10-21,515,"26,28,30,31,32",18
2014-10-17,514,"6,17,22,27,35",7
2014-10-14,513,"7,21,38,39,43",5
2014-10-10,512,"4,9,14,17,26",2
2014-10-07,511,"6,11,20,36,45",12
2014-10-03,510,"20,34,38,42,43",13
2014-09-30,509,"18,27,37,39,41",6
2014-09-26,508,"1,3,6,34,37",1
2014-09-23,507,"7,10,21,22,34",3
2014-09-19,506,"9,13,25,28,34",3
2014-09-16,505,"7,12,28,43,44",8
2014-09-12,504,"3,21,26,27,36",18
2014-09-09,503,"2,4,18,19,29",6
2014-09-05,502,"1,8,24,33,43",11
2014-09-02,501,"11,21,36,39,44",2
2014-08-29,500,"15,23,30,41,43",13
2014-08-26,499,"4,12,28,29,36",3
2014-08-22,498,"5,8,21,34,35",7
2014-08-19,497,"6,18,22,26,35",5
2014-08-15,496,"19,31,40,41,43",13
2014-08-12,495,"10,17,26,29,31",4
2014-08-08,494,"10,23,35,37,39",12
2014-08-05,493,"14,32,35,37,40",3
2014-08-01,492,"7,14,15,35,39",4
2014-07-29,491,"1,9,23,29,42",13
2014-07-25,490,"9,13,28,40,45",12
2014-07-22,489,"9,21,27,39,43",3
2014-07-18,488,"14,17,19,22,35",17
2014-07-15,487,"22,24,29,36,43",13
2014-07-11,486,"6,13,27,33,35",15
2014-07-08,485,"12,19,27,37,43",9
2014-07-04,484,"4,19,25,31,36",3
2014-07-01,483,"1,10,19,21,31",11
2014-06-27,482,"11,12,14,30,32",2
2014-06-24,481,"4,5,6,12,30",16
2014-06-20,480,"25,27,36,37,39",4
2014-06-17,479,"2,3,7,19,25",11
2014-06-13,478,"12,18,21,27,34",10
2014-06-10,477,"11,15,24,28,35",13
2014-06-06,476,"4,10,16,29,42",11
2014-06-03,475,"23,28,30,41,43",12
2014-05-30,474,"1,3,35,40,43",17
2014-05-27,473,"4,11,24,26,31",10
2014-05-23,472,"12,22,40,42,43",12
2014-05-20,471,"3,8,21,35,45",7
2014-05-16,470,"8,22,25,34,37",5
2014-05-13,469,"1,4,20,24,38",20
2014-05-09,468,"1,5,22,26,34",16
2014-05-06,467,"4,15,26,37,40",20
2014-05-02,466,"11,14,24,36,41",11
2014-04-29,465,"12,20,31,40,44",14
2014-04-25,464,"13,15,28,29,30",7
2014-04-22,463,"3,22,28,30,42",11
2014-04-15,462,"2,6,10,11,37",14
2014-04-11,461,"17,23,33,41,42",18
2014-04-08,460,"1,2,10,33,45",18
2014-04-04,459,"3,16,22,24,44",15
2014-04-01,458,"14,17,24,27,34",4
2014-03-28,457,"2,3,7,35,41",16
2014-03-25,456,"2,17,19,29,34",3
2014-03-21,455,"7,8,14,18,38",14
2014-03-18,454,"1,13,17,32,35",13
2014-03-14,453,"3,15,29,34,44",7
2014-03-11,452,"9,19,21,25,37",16
2014-03-07,451,"16,18,22,37,38",3
2014-03-04,450,"2,7,26,28,30",4
2014-02-28,449,"11,14,32,42,45",18
2014-02-25,448,"4,7,12,27,44",17
2014-02-21,447,"2,8,19,38,44",11
2014-02-18,446,"2,26,36,42,43",3
2014-02-14,445,"6,9,18,21,24",8
2014-02-11,444,"3,7,10,13,40",5
2014-02-07,443,"7,13,20,21,36",9
2014-02-04,442,"4,20,21,29,40",10
2014-01-31,441,"10,20,25,26,42",14
2014-01-28,440,"1,8,22,40,43",13
2014-01-24,439,"10,15,20,33,38",7
2014-01-21,438,"1,6,9,15,39",9
2014-01-17,437,"10,16,23,26,33",1
2014-01-14,436,"31,34,37,42,43",8
2014-01-10,435,"4,7,24,36,39",7
2014-01-07,434,"28,37,39,43,44",18
2014-01-03,433,"10,11,19,23,28",3
2013-12-31,432,"6,14,20,31,34",12
2013-12-27,431,"4,16,19,34,39",16
2013-12-24,430,"1,16,23,41,44",9
2013-12-20,429,"10,12,16,28,37",10
2013-12-17,428,"2,7,11,26,33",6
2013-12-13,427,"1,11,18,30,41",15
2013-12-10,426,"1,16,21,31,37",18
2013-12-06,425,"13,15,21,28,31",19
2013-12-03,424,"12,17,26,27,30",1
2013-11-29,423,"11,12,17,18,27",13
2013-11-26,422,"5,16,19,33,34",2
2013-11-22,421,"11,15,16,20,31",9
2013-11-19,420,"13,19,20,24,26",4
2013-11-15,419,"3,31,35,37,45",4
2013-11-12,418,"2,15,22,33,35",16
2013-11-08,417,"11,20,22,30,43",6
2013-11-05,416,"12,26,32,42,43",10
2013-11-01,415,"6,15,16,37,44",6
2013-10-29,414,"6,16,35,36,43",18
2013-10-25,413,"8,24,27,28,35",12
2013-10-22,412,"9,15,19,24,30",20
2013-10-18,411,"1,17,19,20,34",1
2013-10-15,410,"27,32,35,41,45",5
2013-10-11,409,"16,18,20,29,36",14
2013-10-08,408,"31,39,42,43,45",10
2013-10-04,407,"3,7,11,24,28",12
2013-10-01,406,"1,19,24,35,37",7
2013-09-27,405,"6,13,21,28,31",3
2013-09-24,404,"6,23,25,26,43",2
2013-09-20,403,"15,22,29,30,38",13
2013-09-17,402,"11,18,22,27,29",11
2013-09-13,401,"8,19,27,30,40",18
2013-09-10,400,"6,13,16,22,32",1
2013-09-06,399,"15,16,24,29,40",10
2013-09-03,398,"17,28,32,33,36",14
2013-08-30,397,"9,13,17,38,41",1
2013-08-27,396,"4,23,24,35,43",20
2013-08-23,395,"3,10,22,25,27",3
2013-08-20,394,"10,18,35,41,43",16
2013-08-16,393,"13,15,18,21,45",9
2013-08-13,392,"12,15,32,42,44",16
2013-08-09,391,"10,22,23,31,45",16
2013-08-06,390,"10,12,25,37,41",3
2013-08-02,389,"1,2,13,29,34",18
2013-07-30,388,"3,4,5,20,44",9
2013-07-26,387,"1,5,8,21,30",16
2013-07-23,386,"6,8,12,19,36",6
2013-07-19,385,"6,12,28,33,42",16
2013-07-16,384,"5,7,8,31,37",18
2013-07-12,383,"7,15,30,33,43",12
2013-07-09,382,"1,6,26,30,37",10
2013-07-05,381,"6,25,26,42,44",12
2013-07-02,380,"7,12,13,18,20",1
2013-06-28,379,"3,9,27,32,41",1
2013-06-25,378,"2,6,18,30,34",12
2013-06-21,377,"7,26,35,36,42",18
2013-06-18,376,"1,5,13,14,16",3
2013-06-14,375,"15,23,31,32,35",9
2013-06-11,374,"6,17,22,34,36",20
2013-06-07,373,"14,15,19,35,38",4
2013-06-04,372,"17,25,28,34,40",12
2013-05-31,371,"3,7,19,34,44",2
2013-05-28,370,"25,26,29,31,34",14
2013-05-24,369,"3,10,15,30,38",3
2013-05-21,368,"10,11,17,37,44",18
2013-05-17,367,"13,19,20,22,43",2
2013-05-14,366,"1,13,19,29,37",1
2013-05-10,365,"2,4,16,18,26",5
2013-05-07,364,"4,5,21,37,38",6
2013-05-03,363,"10,19,21,27,40",3
2013-04-30,362,"12,24,28,31,32",2
2013-04-26,361,"13,16,30,43,44",9
2013-04-23,360,"8,12,15,21,26",17
2013-04-19,359,"10,13,26,28,39",2
2013-04-16,358,"8,12,29,32,44",19
2013-04-12,357,"5,12,36,37,40",7
2013-04-09,356,"8,9,20,38,39",19
2013-04-05,355,"4,9,17,22,23",6
2013-04-02,354,"4,6,8,11,13",13
2013-03-26,353,"1,18,31,37,40",13
2013-03-22,352,"1,5,7,9,14",15
2013-03-19,351,"5,7,11,25,35",18
2013-03-15,350,"22,23,29,35,38",7
2013-03-12,349,"1,6,26,35,42",6
2013-03-08,348,"8,19,24,34,37",15
2013-03-05,347,"9,12,22,26,38",4
2013-03-01,346,"13,30,33,35,45",3
2013-02-26,345,"1,7,14,21,32",7
2013-02-22,344,"4,16,28,32,42",19
2013-02-19,343,"1,5,6,31,42",20
2013-02-15,342,"3,13,26,28,34",3
2013-02-12,341,"2,20,38,39,45",5
2013-02-08,340,"22,25,36,38,44",3
2013-02-05,339,"5,18,22,28,29",20
2013-02-01,338,"23,27,32,43,44",20
2013-01-29,337,"9,21,29,37,38",14
2013-01-25,336,"7,15,20,23,25",12
2013-01-22,335,"3,10,11,28,31",16
2013-01-18,334,"13,19,29,35,39",11
2013-01-15,333,"12,17,22,36,37",2
2013-01-11,332,"1,4,14,20,33",4
2013-01-08,331,"8,11,12,23,24",16
2013-01-04,330,"10,18,21,38,44",4
2013-01-01,329,"1,4,13,21,30",18
2012-12-28,328,"1,12,14,32,36",16
2012-12-21,327,"13,14,19,23,37",3
2012-12-18,326,"13,34,36,37,39",16
2012-12-14,325,"5,13,20,29,35",14
2012-12-11,324,"11,16,25,28,33",1
2012-12-07,323,"4,17,33,42,45",10
2012-12-04,322,"5,11,20,34,45",20
2012-11-30,321,"6,25,33,42,44",14
2012-11-27,320,"9,17,30,34,44",18
2012-11-23,319,"5,33,34,37,42",5
2012-11-20,318,"3,17,26,28,33",1
2012-11-16,317,"1,4,6,14,15",12
2012-11-13,316,"5,7,13,18,19",8
2012-11-09,315,"7,14,17,27,40",16
2012-11-06,314,"9,17,18,37,41",9
2012-11-02,313,"4,11,25,26,41",12
2012-10-30,312,"5,16,20,41,42",20
2012-10-26,311,"1,8,12,19,34",18
2012-10-23,310,"8,23,24,31,42",6
2012-10-19,309,"14,17,23,35,39",3
2012-10-16,308,"7,9,11,29,41",8
2012-10-12,307,"5,10,17,35,41",16
2012-10-09,306,"3,5,6,22,26",17
2012-10-05,305,"1,9,11,39,40",18
2012-10-02,304,"11,18,23,31,45",13
2012-09-28,303,"1,6,7,40,41",17
2012-09-25,302,"2,28,32,34,45",17
2012-09-21,301,"13,16,24,39,43",4
2012-09-18,300,"1,27,37,40,42",16
2012-09-14,299,"15,18,26,33,41",7
2012-09-11,298,"13,32,34,36,45",10
2012-09-07,297,"9,14,17,34,41",17
2012-09-04,296,"6,15,19,30,45",14
2012-08-31,295,"5,7,9,20,29",20
2012-08-28,294,"1,7,8,11,40",1
2012-08-24,293,"3,9,14,24,26",3
2012-08-21,292,"14,16,19,38,43",3
2012-08-17,291,"13,15,19,40,42",12
2012-08-14,290,"5,21,26,28,33",19
2012-08-10,289,"2,9,26,27,45",1
2012-08-07,288,"13,20,21,26,44",8
2012-08-03,287,"2,10,22,35,41",16
2012-07-31,286,"7,14,23,27,32",20
2012-07-27,285,"6,8,15,18,38",15
2012-07-24,284,"2,5,7,15,21",6
2012-07-20,283,"5,20,24,33,41",3
2012-07-17,282,"1,4,20,23,34",16
2012-07-13,281,"4,11,16,27,38",17
2012-07-10,280,"8,9,15,23,36",11
2012-07-06,279,"3,10,12,34,36",17
2012-07-03,278,"16,19,37,38,39",13
2012-06-29,277,"2,4,6,19,31",20
2012-06-26,276,"2,17,22,39,44",20
2012-06-22,275,"3,7,17,21,27",2
2012-06-19,274,"12,21,27,36,45",17
2012-06-15,273,"2,21,22,24,41",17
2012-06-12,272,"2,16,22,36,43",19
2012-06-08,271,"14,15,32,36,40",7
2012-06-05,270,"9,10,26,32,33",7
2012-06-01,269,"9,12,15,28,32",14
2012-05-29,268,"2,6,8,30,44",10
2012-05-25,267,"1,9,19,26,32",17
2012-05-22,266,"1,3,22,31,38",11
2012-05-18,265,"2,14,20,32,36",1
2012-05-15,264,"4,7,8,19,25",12
2012-05-11,263,"6,7,17,20,23",17
2012-05-08,262,"4,9,10,16,20",4
2012-05-04,261,"1,6,16,34,40",18
2012-05-01,260,"12,17,24,30,36",14
2012-04-27,259,"4,6,12,23,38",18
2012-04-24,258,"3,5,22,31,45",5
2012-04-20,257,"13,20,24,25,29",11
2012-04-17,256,"14,15,29,30,34",7
2012-04-13,255,"2,9,23,43,44",17
2012-04-10,254,"13,28,30,41,43",11
2012-04-03,253,"4,11,12,17,42",15
2012-03-30,252,"3,5,10,18,39",18
2012-03-27,251,"8,11,23,44,45",2
2012-03-23,250,"6,15,23,39,45",19
2012-03-20,249,"9,14,21,28,44",12
2012-03-16,248,"14,18,37,41,44",3
2012-03-13,247,"3,6,26,32,37",4
2012-03-09,246,"2,21,22,29,40",11
2012-03-06,245,"1,35,36,37,45",7
2012-03-02,244,"13,24,41,43,45",19
2012-02-28,243,"16,24,26,32,45",1
2012-02-24,242,"17,21,26,40,45",15
2012-02-21,241,"25,27,28,32,43",18
2012-02-17,240,"8,26,31,38,45",7
2012-02-14,239,"20,30,31,32,44",17
2012-02-10,238,"6,19,23,29,35",3
2012-02-07,237,"2,11,14,38,45",13
2012-02-03,236,"7,9,14,15,43",15
2012-01-31,235,"12,15,25,32,41",15
2012-01-27,234,"2,7,28,36,39",5
2012-01-24,233,"4,7,11,26,36",5
2012-01-20,232,"10,15,22,29,35",18
2012-01-17,231,"13,19,26,43,45",9
2012-01-13,230,"15,20,23,25,40",10
2012-01-10,229,"18,20,24,26,40",13
2012-01-06,228,"1,21,29,32,34",20
2012-01-03,227,"3,5,8,17,41",6
2011-12-30,226,"11,15,20,33,37",16
2011-12-27,225,"10,12,17,24,26",3
2011-12-23,224,"7,13,21,22,40",20
2011-12-20,223,"20,21,25,37,40",5
2011-12-16,222,"14,26,28,33,45",11
2011-12-13,221,"14,16,22,32,35",13
2011-12-09,220,"1,3,18,36,37",11
2011-12-06,219,"6,15,16,28,41",1
2011-12-02,218,"5,6,25,38,40",16
2011-11-29,217,"12,27,28,32,34",5
2011-11-25,216,"23,26,29,41,44",14
2011-11-22,215,"5,24,29,34,44",18
2011-11-18,214,"9,24,36,37,45",14
2011-11-15,213,"8,18,30,38,44",5
2011-11-11,212,"1,6,7,10,35",14
2011-11-08,211,"8,10,11,15,45",20
2011-11-04,210,"9,25,31,34,42",10
2011-11-01,209,"13,23,34,39,43",7
2011-10-28,208,"3,15,36,37,41",6
2011-10-25,207,"11,12,20,35,38",1
2011-10-21,206,"2,16,23,39,42",9
2011-10-18,205,"2,8,12,15,32",13
2011-10-14,204,"15,20,21,31,35",5
2011-10-11,203,"8,10,24,39,43",8
2011-10-07,202,"33,36,38,40,44",4
2011-10-04,201,"8,10,26,40,42",4
2011-09-30,200,"11,21,24,28,35",17
2011-09-27,199,"1,7,8,22,40",18
2011-09-23,198,"5,22,24,25,27",5
2011-09-20,197,"8,10,23,31,38",8
2011-09-16,196,"2,3,4,28,38",20
2011-09-13,195,"5,11,17,28,44",20
2011-09-09,194,"10,18,23,36,40",4
2011-09-06,193,"1,2,5,30,40",3
2011-09-02,192,"15,25,34,43,45",1
2011-08-30,191,"4,5,19,37,38",15
2011-08-26,190,"10,18,20,36,39",13
2011-08-23,189,"4,17,20,22,31",13
2011-08-19,188,"5,14,19,21,28",11
2011-08-16,187,"3,10,16,21,22",9
2011-08-12,186,"2,8,39,41,43",16
2011-08-09,185,"31,37,38,43,45",15
2011-08-05,184,"5,9,10,21,44",10
2011-08-02,183,"3,9,16,27,31",13
2011-07-29,182,"7,12,23,40,42",2
2011-07-26,181,"18,26,28,34,36",3
2011-07-22,180,"13,22,25,26,35",13
2011-07-19,179,"2,14,15,18,29",20
2011-07-15,178,"9,16,19,24,28",19
2011-07-12,177,"10,16,28,34,45",6
2011-07-08,176,"5,22,30,32,33",18
2011-07-05,175,"2,30,31,34,42",5
2011-07-01,174,"2,9,31,35,37",4
2011-06-28,173,"2,16,25,37,41",12
2011-06-24,172,"6,18,28,31,36",20
2011-06-21,171,"2,8,28,30,35",13
2011-06-17,170,"15,23,33,44,45",6
2011-06-14,169,"11,16,34,39,40",11
2011-06-10,168,"13,24,26,30,42",16
2011-06-07,167,"10,16,24,32,35",7
2011-06-03,166,"6,30,31,33,36",16
2011-05-31,165,"7,8,13,33,35",17
2011-05-27,164,"7,16,22,34,45",17
2011-05-24,163,"13,16,21,41,45",18
2011-05-20,162,"3,7,10,31,42",6
2011-05-17,161,"13,16,24,26,27",10
2011-05-13,160,"4,10,11,32,38",6
2011-05-10,159,"1,17,31,41,43",1
2011-05-06,158,"4,9,20,38,45",2
2011-05-03,157,"8,10,11,33,34",17
2011-04-29,156,"1,15,39,41,45",7
2011-04-26,155,"12,16,25,37,45",7
2011-04-19,154,"8,14,15,16,38",2
2011-04-15,153,"8,15,18,25,37",5
2011-04-12,152,"7,20,27,35,37",10
2011-04-08,151,"1,14,37,39,40",3
2011-04-05,150,"16,23,25,33,34",9
2011-04-01,149,"1,12,23,36,42",18
2011-03-29,148,"3,15,17,24,38",13
2011-03-25,147,"13,16,25,36,39",8
2011-03-22,146,"8,15,24,39,41",8
2011-03-18,145,"8,28,36,40,42",4
2011-03-15,144,"12,22,32,36,43",10
2011-03-11,143,"5,34,39,43,45",8
2011-03-08,142,"17,21,31,34,41",4
2011-03-04,141,"7,13,18,34,44",20
2011-03-01,140,"1,7,24,28,37",15
2011-02-25,139,"3,24,31,37,41",2
2011-02-22,138,"4,10,12,33,35",16
2011-02-18,137,"2,7,12,17,31",17
2011-02-15,136,"1,17,23,41,42",17
2011-02-11,135,"14,25,27,31,34",10
2011-02-08,134,"14,20,22,34,35",8
2011-02-04,133,"11,12,16,31,37",3
2011-02-01,132,"2,5,29,39,41",7
2011-01-28,131,"5,9,11,22,37",7
2011-01-25,130,"3,9,12,18,38",9
2011-01-21,129,"6,13,18,19,22",10
2011-01-18,128,"5,10,36,41,44",18
2011-01-14,127,"8,16,21,36,42",4
2011-01-11,126,"14,15,22,27,37",7
2011-01-07,125,"9,12,26,29,34",12
2011-01-04,124,"2,12,18,30,38",10
2010-12-31,123,"3,21,23,32,35",7
2010-12-28,122,"5,6,7,9,17",11
2010-12-24,121,"26,30,31,33,40",3
2010-12-21,120,"19,25,31,39,40",14
2010-12-17,119,"1,7,8,17,30",17
2010-12-14,118,"12,30,31,32,35",4
2010-12-10,117,"6,13,18,24,41",7
2010-12-07,116,"12,28,30,44,45",9
2010-12-03,115,"19,24,37,43,45",10
2010-11-30,114,"3,6,11,12,25",9
2010-11-26,113,"12,17,22,25,34",19
2010-11-23,112,"2,9,10,33,43",6
2010-11-19,111,"1,17,19,26,32",4
2010-11-16,110,"4,28,32,38,40",2
2010-11-12,109,"4,8,11,16,40",17
2010-11-09,108,"6,22,29,35,45",8
2010-11-05,107,"1,4,25,26,32",10
2010-11-02,106,"12,13,21,22,29",9
2010-10-29,105,"10,31,32,39,45",10
2010-10-26,104,"13,28,32,35,36",8
2010-10-22,103,"10,15,16,22,36",1
2010-10-19,102,"9,11,17,35,38",16
2010-10-15,101,"4,14,26,34,44",12
2010-10-12,100,"1,17,18,19,44",14
2010-10-08,99,"3,7,16,21,40",3
2010-10-05,98,"3,15,25,32,38",4
2010-10-01,97,"16,22,28,30,31",20
2010-09-28,96,"1,3,4,5,40",15
2010-09-24,95,"1,5,10,16,19",8
2010-09-21,94,"31,33,36,40,42",13
2010-09-17,93,"2,19,28,42,44",5
2010-09-14,92,"3,23,29,33,40",2
2010-09-10,91,"1,17,19,33,38",1
2010-09-07,90,"3,25,37,42,44",10
2010-09-03,89,"12,17,37,41,43",8
2010-08-31,88,"12,27,37,41,44",20
2010-08-27,87,"7,8,26,36,42",20
2010-08-24,86,"6,23,27,33,44",16
2010-08-20,85,"15,21,24,32,44",11
2010-08-17,84,"11,17,30,35,45",20
2010-08-13,83,"8,9,10,31,39",12
2010-08-10,82,"9,19,31,33,45",16
2010-08-06,81,"1,3,13,22,29",18
2010-08-03,80,"1,6,15,35,44",20
2010-07-30,79,"2,9,21,25,37",12
2010-07-27,78,"2,7,19,24,30",20
2010-07-23,77,"18,23,24,33,37",15
2010-07-20,76,"1,21,27,32,36",9
2010-07-16,75,"13,20,42,44,45",12
2010-07-13,74,"5,11,13,20,30",15
2010-07-09,73,"12,15,18,20,25",13
2010-07-06,72,"7,8,21,39,41",9
2010-07-02,71,"2,6,7,9,31",7
2010-06-29,70,"5,8,9,23,35",9
2010-06-25,69,"13,23,31,40,42",11
2010-06-22,68,"16,23,36,40,45",19
2010-06-18,67,"6,8,9,11,22",15
2010-06-15,66,"13,25,34,40,41",7
2010-06-11,65,"12,14,18,23,42",13
2010-06-08,64,"7,8,23,30,39",6
2010-06-04,63,"1,16,20,27,33",13
2010-06-01,62,"2,5,12,23,45",15
2010-05-28,61,"2,9,24,26,42",2
2010-05-25,60,"4,15,21,30,32",8
2010-05-21,59,"2,14,25,30,40",2
2010-05-18,58,"6,17,25,29,42",6
2010-05-14,57,"6,8,15,32,42",7
2010-05-11,56,"4,14,17,42,44",13
2010-05-07,55,"10,18,25,26,34",15
2010-05-04,54,"9,17,28,36,43",4
2010-04-30,53,"1,11,30,35,44",15
2010-04-27,52,"13,14,23,24,27",1
2010-04-23,51,"12,18,43,44,45",5
2010-04-20,50,"7,20,26,32,39",3
2010-04-16,49,"7,19,21,37,40",18
2010-04-13,48,"15,18,28,42,45",5
2010-04-09,47,"2,16,27,30,31",15
2010-04-06,46,"2,13,19,38,42",16
2010-03-30,45,"9,27,30,35,42",17
2010-03-26,44,"25,30,33,36,44",15
2010-03-23,43,"1,6,9,10,15",11
2010-03-19,42,"7,11,33,44,45",3
2010-03-16,41,"16,32,40,42,45",16
2010-03-12,40,"8,14,18,22,28",10
2010-03-09,39,"3,6,11,28,45",15
2010-03-05,38,"10,11,12,22,38",10
2010-03-02,37,"1,12,15,36,43",6
2010-02-26,36,"4,9,14,23,37",8
2010-02-23,35,"4,12,18,34,41",14
2010-02-19,34,"7,8,10,22,35",4
2010-02-16,33,"22,23,30,33,44",9
2010-02-12,32,"6,32,36,38,45",1
2010-02-09,31,"10,18,26,36,45",19
2010-02-05,30,"1,8,21,29,39",20
2010-02-02,29,"7,25,33,38,42",8
2010-01-29,28,"2,6,39,42,43",3
2010-01-26,27,"2,3,15,21,36",19
2010-01-22,26,"7,11,18,19,34",7
2010-01-19,25,"10,16,18,21,38",18
2010-01-15,24,"1,5,21,42,44",8
2010-01-12,23,"10,11,18,30,35",7
2010-01-08,22,"6,15,27,39,45",19
2010-01-05,21,"1,8,31,43,44",11
2010-01-01,20,"17,21,24,32,37",10
2009-12-29,19,"18,27,32,38,42",20
2009-12-22,18,"2,14,27,39,42",10
2009-12-18,17,"5,8,11,28,34",15
2009-12-15,16,"7,29,31,32,39",13
2009-12-11,15,"10,20,22,23,35",17
2009-12-08,14,"13,16,37,39,42",7
2009-12-04,13,"17,23,27,38,43",4
2009-12-01,12,"5,8,25,41,45",13
2009-11-27,11,"12,18,31,37,45",16
2009-11-24,10,"1,18,19,32,42",9
2009-11-20,9,"12,16,28,42,44",4
2009-11-17,8,"1,9,23,41,43",3
2009-11-13,7,"32,35,38,39,43",19
2009-11-10,6,"12,20,22,28,33",14
2009-11-06,5,"10,17,23,31,42",19
2009-11-03,4,"18,24,27,36,40",11
2009-10-30,3,"11,14,16,30,31",8
2009-10-27,2,"5,15,17,31,37",3
2009-10-23,1,"12,15,20,36,38",6
